-- phpMyAdmin SQL Dump
-- version 5.0.2
-- https://www.phpmyadmin.net/
--
-- Host: 127.0.0.1
-- Generation Time: Dec 01, 2020 at 10:44 AM
-- Server version: 10.4.13-MariaDB
-- PHP Version: 7.4.7

SET SQL_MODE = "NO_AUTO_VALUE_ON_ZERO";
START TRANSACTION;
SET time_zone = "+00:00";


/*!40101 SET @OLD_CHARACTER_SET_CLIENT=@@CHARACTER_SET_CLIENT */;
/*!40101 SET @OLD_CHARACTER_SET_RESULTS=@@CHARACTER_SET_RESULTS */;
/*!40101 SET @OLD_COLLATION_CONNECTION=@@COLLATION_CONNECTION */;
/*!40101 SET NAMES utf8mb4 */;

--
-- Database: `oldhome`
--

-- --------------------------------------------------------

--
-- Table structure for table `appointments`
--

CREATE TABLE `appointments` (
  `id` bigint(20) UNSIGNED NOT NULL,
  `patient_id` bigint(20) UNSIGNED NOT NULL,
  `doctor_id` bigint(20) UNSIGNED DEFAULT NULL,
  `date` date DEFAULT NULL,
  `created_at` timestamp NULL DEFAULT NULL,
  `updated_at` timestamp NULL DEFAULT NULL
) ENGINE=InnoDB DEFAULT CHARSET=utf8mb4 COLLATE=utf8mb4_unicode_ci;

--
-- Dumping data for table `appointments`
--

INSERT INTO `appointments` (`id`, `patient_id`, `doctor_id`, `date`, `created_at`, `updated_at`) VALUES
(501, 9, 5, '1992-04-13', '1996-07-16 11:35:31', '2000-04-16 06:30:29'),
(502, 4, 4, '1984-01-19', '1992-10-13 16:26:06', '1970-07-24 20:48:02'),
(503, 1, 1, '1973-10-18', '2009-09-18 07:40:10', '1985-04-08 06:40:05'),
(504, 9, 8, '1988-03-12', '2010-02-04 12:45:19', '2004-05-13 22:29:08'),
(505, 4, 1, '2012-06-24', '2014-07-18 16:25:35', '2002-08-20 14:00:54'),
(506, 4, 9, '1991-11-02', '2011-05-10 07:02:19', '1972-11-24 13:03:50'),
(507, 4, 6, '1990-04-09', '1998-07-07 11:13:39', '2005-06-23 14:08:47'),
(508, 1, 4, '1989-05-21', '2012-06-16 15:44:22', '2007-10-23 21:59:07'),
(509, 2, 6, '1995-06-19', '2015-07-11 14:46:36', '1995-11-22 13:17:17'),
(510, 4, 3, '2001-08-20', '1998-09-04 06:17:11', '1987-01-07 15:37:42'),
(511, 3, 8, '1984-03-15', '2007-01-30 10:44:06', '1977-12-21 14:14:16'),
(512, 2, 3, '2009-08-24', '2012-05-17 12:49:06', '2017-11-14 03:45:56'),
(513, 5, 2, '2012-07-15', '1990-06-19 00:11:47', '2001-10-04 09:42:01'),
(514, 1, 5, '1988-08-23', '2008-04-12 09:00:12', '2003-03-11 11:12:06'),
(515, 4, 4, '2001-03-07', '2011-06-11 06:22:16', '1984-02-22 07:08:46'),
(516, 7, 7, '1991-12-15', '1971-04-01 20:01:15', '1997-11-14 11:19:57'),
(518, 9, 2, '1996-02-11', '2010-09-18 09:28:32', '1993-09-22 06:58:50'),
(519, 3, 2, '2000-10-16', '2011-02-14 08:29:03', '1992-07-19 07:37:36'),
(520, 5, 3, '1994-06-27', '2020-06-23 20:13:34', '2009-10-06 02:44:43'),
(521, 6, 1, '2012-10-27', '1998-05-29 11:40:56', '2003-05-31 08:09:34'),
(522, 8, 2, '2016-07-29', '1997-07-27 16:35:54', '1986-04-13 03:21:42'),
(523, 3, 6, '1983-01-23', '1980-10-17 17:27:41', '1977-10-19 12:22:27'),
(524, 4, 1, '1978-12-31', '1978-09-15 03:28:17', '2018-12-17 22:02:14'),
(525, 6, 7, '2009-01-23', '2012-11-24 11:50:35', '1977-06-28 06:17:08'),
(526, 2, 4, '2007-03-14', '1977-12-23 13:57:53', '2012-03-20 02:11:43'),
(527, 7, 3, '2018-02-26', '1975-07-07 04:43:26', '1986-12-21 06:54:36'),
(528, 8, 4, '1995-12-03', '1987-01-29 14:36:40', '1998-12-19 21:52:38'),
(529, 3, 5, '2020-05-21', '2020-07-01 05:01:15', '1998-09-18 07:04:54'),
(530, 9, 9, '2016-08-06', '1983-08-23 02:18:07', '2015-06-05 11:13:09'),
(531, 2, 5, '1993-02-16', '2004-04-23 18:23:18', '2005-04-23 02:41:58'),
(532, 6, 2, '1980-10-22', '1972-01-19 17:14:33', '1997-03-17 01:09:56'),
(534, 4, 1, '2019-05-12', '1981-12-12 12:52:55', '2009-12-18 00:26:28'),
(535, 4, 2, '1999-04-09', '2004-12-05 08:07:26', '2003-12-01 10:31:59'),
(537, 2, 2, '1999-12-21', '1971-05-04 01:58:56', '1988-07-13 14:09:31'),
(538, 1, 1, '1999-08-07', '1984-09-12 07:27:08', '2005-05-07 16:22:50'),
(539, 4, 2, '2017-06-18', '1996-01-15 20:58:57', '2002-09-08 04:54:59'),
(541, 9, 9, '1974-05-31', '2006-07-18 22:22:01', '1972-07-17 23:14:17'),
(542, 8, 3, '1982-09-29', '1991-10-25 15:57:37', '2014-05-24 12:11:57'),
(543, 3, 2, '1996-04-04', '1994-04-24 15:17:47', '2000-12-14 03:15:20'),
(544, 1, 9, '2019-08-28', '2013-07-30 01:09:48', '2019-06-11 01:44:23'),
(545, 7, 7, '2015-09-13', '1972-03-11 09:14:48', '2019-03-13 20:33:01'),
(547, 6, 4, '2014-04-26', '1982-08-23 19:36:08', '2020-09-23 10:27:06'),
(548, 3, 2, '2015-03-03', '1981-08-29 18:00:51', '1971-11-24 06:55:45'),
(549, 9, 2, '1989-04-15', '1976-10-30 18:42:25', '2015-10-20 15:03:36'),
(551, 5, 8, '1982-10-29', '2018-12-09 14:30:03', '1985-03-14 10:06:03'),
(552, 4, 3, '2007-04-05', '1999-07-14 20:11:40', '1998-11-17 09:37:06'),
(553, 1, 7, '1990-09-04', '2012-04-11 12:56:20', '1999-10-26 17:33:56'),
(554, 3, 2, '2018-06-06', '2009-02-22 19:43:54', '2008-10-03 18:44:56'),
(555, 1, 8, '2011-02-19', '1983-04-02 09:42:29', '1970-04-22 19:10:54'),
(557, 4, 5, '1981-06-05', '1984-06-12 13:08:00', '2010-05-23 10:14:17'),
(558, 6, 2, '2008-04-16', '1983-01-16 18:08:45', '1980-03-19 14:22:44'),
(559, 6, 4, '2000-11-11', '2020-01-04 09:36:27', '1993-05-12 16:46:49'),
(560, 5, 6, '1976-02-26', '2006-09-03 19:27:28', '2015-07-12 14:17:02'),
(561, 7, 6, '2006-07-06', '1993-10-19 04:33:32', '1999-08-09 14:41:45'),
(564, 9, 8, '1989-05-29', '2003-08-29 06:05:37', '2003-05-22 12:44:18'),
(566, 6, 5, '1979-04-10', '2013-01-09 09:30:40', '2015-07-12 21:40:11'),
(567, 2, 9, '2001-08-07', '2014-11-07 14:55:24', '2006-04-17 12:41:47'),
(568, 9, 2, '1978-01-28', '2003-01-27 16:12:32', '1995-11-26 10:10:21'),
(569, 7, 5, '1976-10-21', '2014-08-14 19:36:24', '1987-05-30 10:14:42'),
(570, 3, 8, '1975-12-29', '1996-05-15 00:14:28', '1994-07-17 07:26:33'),
(571, 6, 7, '1975-05-03', '2004-09-28 17:18:23', '1999-02-03 04:56:45'),
(572, 8, 2, '1994-10-17', '1981-03-14 15:18:46', '2003-01-10 08:08:19'),
(573, 2, 2, '1989-07-09', '2018-08-03 06:33:12', '2007-03-25 05:46:09'),
(574, 7, 4, '2001-03-20', '2011-12-24 11:12:13', '2005-10-29 19:51:43'),
(575, 5, 6, '1978-06-12', '1987-07-06 02:00:48', '2012-12-10 10:19:30'),
(576, 7, 1, '1983-11-21', '1998-12-26 12:51:27', '1991-01-22 17:16:36'),
(578, 2, 9, '1989-06-24', '1972-03-27 10:46:55', '1970-06-26 07:37:07'),
(579, 7, 2, '1992-01-28', '1981-08-24 00:12:43', '2000-11-21 12:17:14'),
(580, 5, 1, '1984-12-28', '2001-01-15 18:10:58', '1983-08-17 15:59:13'),
(581, 2, 3, '1985-02-09', '2004-12-14 18:26:38', '2020-08-17 13:11:08'),
(582, 5, 1, '2012-04-02', '1987-07-10 18:20:39', '2019-09-25 13:53:30'),
(583, 4, 9, '2001-03-23', '1979-04-12 19:12:12', '2004-11-06 18:34:08'),
(584, 9, 7, '1970-05-09', '2005-10-13 02:10:29', '2004-06-02 21:18:30'),
(585, 4, 5, '2013-09-24', '2012-12-26 15:53:00', '2003-06-28 07:46:22'),
(586, 9, 8, '2014-08-02', '1978-09-29 11:50:17', '1989-04-15 12:11:51'),
(587, 6, 7, '2008-10-22', '1994-03-19 13:17:35', '2013-04-26 21:12:28'),
(589, 2, 4, '1994-07-26', '1978-01-20 10:40:23', '2003-02-02 11:37:31'),
(590, 5, 5, '1974-05-30', '1974-06-11 10:20:30', '1996-08-05 08:37:48'),
(591, 5, 1, '1985-11-30', '1993-03-07 22:01:45', '1973-02-23 20:16:34'),
(592, 8, 5, '1991-07-27', '1979-03-31 14:37:22', '2003-03-24 21:32:30'),
(593, 7, 2, '2001-10-01', '1977-10-15 03:21:49', '2002-06-18 01:34:34'),
(594, 2, 2, '2014-11-15', '1987-07-06 20:02:34', '2002-11-23 15:28:37'),
(595, 8, 9, '1981-06-18', '2007-12-11 00:00:22', '1998-08-03 09:57:22'),
(596, 4, 4, '2005-07-29', '1989-06-02 21:58:10', '2002-12-28 11:20:40'),
(597, 2, 5, '1978-03-22', '1986-05-30 11:10:20', '2001-06-18 20:12:26'),
(598, 6, 6, '2006-08-18', '2005-03-04 02:17:43', '2006-09-17 09:16:26'),
(599, 6, 2, '1985-07-27', '1974-04-22 22:48:24', '1994-09-29 14:11:55'),
(600, 1, 5, '1970-08-02', '1992-08-10 00:17:15', '2015-11-12 09:53:44'),
(623, 5, 34, '2020-11-26', NULL, NULL),
(624, 5, 9, '2020-11-18', NULL, NULL);

-- --------------------------------------------------------

--
-- Table structure for table `employees`
--

CREATE TABLE `employees` (
  `id` bigint(20) UNSIGNED NOT NULL,
  `user_id` bigint(20) UNSIGNED NOT NULL,
  `salary` varchar(255) COLLATE utf8mb4_unicode_ci NOT NULL,
  `created_at` timestamp NULL DEFAULT NULL,
  `updated_at` timestamp NULL DEFAULT NULL
) ENGINE=InnoDB DEFAULT CHARSET=utf8mb4 COLLATE=utf8mb4_unicode_ci;

--
-- Dumping data for table `employees`
--

INSERT INTO `employees` (`id`, `user_id`, `salary`, `created_at`, `updated_at`) VALUES
(1, 1, '', '1983-08-22 17:46:36', '1975-03-24 11:54:32'),
(2, 2, '', '1973-01-04 16:09:09', '2015-03-14 19:25:38'),
(3, 3, '', '1970-09-18 14:30:07', '1981-10-31 22:58:09'),
(4, 4, '', '1981-12-08 23:08:03', '2009-09-20 20:58:58'),
(5, 5, '', '1978-08-02 23:41:07', '2002-06-27 09:34:12'),
(6, 6, '', '1970-08-09 16:48:07', '2014-03-04 06:25:19'),
(7, 7, '', '1990-08-17 16:28:53', '1971-06-14 22:25:48'),
(8, 8, '', '1980-05-18 21:42:00', '1971-07-18 16:26:31'),
(9, 9, '', '2009-11-08 20:31:46', '2019-01-30 20:11:26'),
(10, 10, '', '2005-10-26 10:52:07', '1974-01-27 04:46:02'),
(11, 11, '', '2016-02-06 13:03:37', '2008-05-20 06:03:18'),
(12, 12, '', '2005-04-23 04:01:31', '1977-12-09 22:12:47'),
(13, 13, '', '2015-06-03 17:43:28', '2014-03-06 06:45:18'),
(14, 14, '', '1979-08-18 00:51:13', '1997-07-07 13:34:12'),
(15, 15, '', '2004-09-03 09:30:02', '1974-08-28 21:28:41'),
(16, 16, '', '2000-04-30 20:17:43', '2016-10-20 16:56:40'),
(17, 17, '', '1994-11-29 08:47:32', '1978-07-18 09:29:07'),
(18, 18, '', '1979-04-16 11:48:18', '1991-12-11 07:56:07'),
(19, 19, '', '1995-07-21 09:02:46', '2015-11-06 15:19:27'),
(20, 20, '', '1983-01-06 08:48:41', '2006-10-12 09:41:07'),
(21, 21, '', '1982-12-07 12:37:47', '2006-10-30 08:14:34'),
(22, 22, '', '1982-08-31 04:18:38', '1996-04-26 20:53:14'),
(23, 23, '', '1970-09-22 05:14:24', '2013-12-27 00:42:35'),
(24, 24, '', '2020-10-27 12:38:44', '2009-03-12 06:40:19'),
(25, 25, '', '1972-07-17 11:39:16', '1981-10-05 14:09:53'),
(26, 26, '', '1980-08-07 13:54:24', '2012-02-25 19:26:58'),
(27, 27, '', '1977-04-15 10:06:39', '1972-10-21 19:23:36'),
(28, 28, '', '1977-03-11 01:30:04', '2007-06-28 19:22:29'),
(29, 29, '', '1990-12-31 08:14:32', '2015-04-29 10:17:52'),
(30, 30, '', '1970-07-13 21:20:33', '2015-04-26 20:25:33'),
(31, 31, '', '1981-11-21 12:05:36', '1981-05-22 14:26:40'),
(32, 32, '', '2008-02-16 15:46:26', '2016-04-11 05:55:36'),
(33, 33, '', '1992-03-21 06:46:53', '2016-10-26 09:04:46'),
(34, 34, '', '1987-08-22 20:01:50', '1973-03-08 10:14:13'),
(35, 35, '', '2009-03-19 16:20:12', '2008-03-15 23:04:48'),
(36, 36, '', '2015-06-03 15:48:02', '2004-10-08 19:36:24'),
(37, 37, '', '2017-09-15 22:37:47', '2006-04-30 10:17:22'),
(38, 38, '', '1987-10-16 17:47:03', '1982-04-04 21:57:52'),
(39, 39, '', '2018-10-04 04:11:01', '1972-08-03 13:32:42'),
(40, 40, '', '1972-08-14 04:49:11', '1995-02-27 21:39:29'),
(41, 41, '', '2005-05-29 20:44:50', '1981-09-29 12:34:43'),
(42, 42, '', '1985-02-03 09:30:15', '1979-08-24 10:36:29'),
(43, 43, '', '1974-09-13 17:26:50', '1971-05-02 10:02:13'),
(44, 44, '', '1991-05-15 04:07:13', '1992-05-21 07:46:17'),
(45, 45, '', '2002-03-17 00:45:31', '1989-05-17 08:41:01'),
(46, 46, '', '1993-07-06 23:52:01', '2001-09-29 13:18:13'),
(47, 47, '', '2003-11-04 03:44:55', '1977-07-27 08:36:07'),
(48, 48, '', '2003-12-28 01:16:58', '1986-07-20 15:54:04'),
(49, 49, '', '1977-05-22 15:35:40', '2019-03-17 06:47:44'),
(50, 50, '', '1996-01-08 06:45:26', '1970-05-27 18:18:35'),
(51, 51, '', '1970-03-25 19:24:36', '1989-11-02 14:59:17');

-- --------------------------------------------------------

--
-- Table structure for table `patients`
--

CREATE TABLE `patients` (
  `id` bigint(20) UNSIGNED NOT NULL,
  `user_id` bigint(20) UNSIGNED NOT NULL,
  `family_code` varchar(255) COLLATE utf8mb4_unicode_ci NOT NULL,
  `emergency_contact` int(11) NOT NULL,
  `emergency_contact_relation` varchar(255) COLLATE utf8mb4_unicode_ci NOT NULL,
  `patient_group` varchar(255) COLLATE utf8mb4_unicode_ci NOT NULL,
  `admission_date` date NOT NULL,
  `total_due` int(11) NOT NULL,
  `created_at` timestamp NULL DEFAULT NULL,
  `updated_at` timestamp NULL DEFAULT NULL
) ENGINE=InnoDB DEFAULT CHARSET=utf8mb4 COLLATE=utf8mb4_unicode_ci;

--
-- Dumping data for table `patients`
--

INSERT INTO `patients` (`id`, `user_id`, `family_code`, `emergency_contact`, `emergency_contact_relation`, `patient_group`, `admission_date`, `total_due`, `created_at`, `updated_at`) VALUES
(1, 1, 'zayg', 233825, '(394)505-3400', '', '2006-04-23', 0, '1986-11-28 03:56:43', '2008-07-09 08:11:19'),
(2, 2, 'ovel', 0, '1-610-684-2436x271', '', '1979-09-19', 0, '1999-01-03 08:37:24', '1981-02-12 14:57:07'),
(3, 3, 'ffmk', 1, '(064)054-2717x64448', '', '1999-09-01', 0, '1999-08-29 21:06:29', '2007-01-28 01:20:27'),
(4, 4, 'hlrc', 373055, '574.574.7002x778', '', '1973-11-17', 0, '2008-12-19 01:36:20', '1997-11-06 05:58:26'),
(5, 5, 'erof', 358406, '956.455.9674x156', '', '2013-11-29', 0, '1996-12-14 04:35:10', '1990-08-10 17:46:15'),
(6, 6, 'mvap', 1, '(765)732-9362x8649', '', '1993-04-28', 0, '1975-10-03 09:02:05', '1975-01-03 07:13:14'),
(7, 7, 'joaf', 2147483647, '508-872-6293', '', '1976-12-27', 0, '2001-12-14 05:25:43', '2000-12-29 02:07:10'),
(8, 8, 'snzy', 403, '504.029.5881x3458', '', '2016-06-13', 0, '1971-07-28 00:19:11', '2004-05-05 02:04:45'),
(9, 9, 'nvpj', 924495, '834-874-5462x06696', '', '1985-11-06', 0, '1984-01-12 21:41:11', '2015-03-16 02:22:44'),
(10, 10, 'ford', 0, '+25(6)1802962778', '', '1988-02-21', 0, '2017-10-07 00:37:15', '1999-09-09 20:36:56'),
(11, 11, 'qztr', 170, '(491)369-3551', '', '1971-07-04', 0, '2005-09-19 13:12:35', '1974-11-25 21:35:48'),
(12, 12, 'ggow', 954, '1-060-493-8259x9428', '', '1976-04-10', 0, '2020-07-15 11:47:32', '2007-12-16 19:44:55'),
(13, 13, 'sneb', 1, '08997945214', '', '1993-01-15', 0, '2019-12-19 00:02:21', '1986-07-26 18:13:11'),
(14, 14, 'kxzg', 746, '000.330.5134', '', '1971-08-11', 0, '1996-03-26 01:33:41', '1999-11-27 17:33:11'),
(15, 15, 'fuxe', 347382, '664.066.2141x490', '', '1974-01-31', 0, '2013-05-29 00:33:35', '2019-07-25 22:59:58'),
(16, 16, 'gsib', 58, '04755922754', '', '2017-12-10', 0, '1973-08-28 08:18:43', '1983-07-17 19:47:53'),
(17, 17, 'qypv', 811, '652.929.4301x436', '', '1994-11-12', 0, '1987-12-07 13:14:35', '1986-12-25 13:27:59'),
(18, 18, 'dksi', 684, '(439)264-6668', '', '2006-06-23', 0, '2001-01-12 23:43:26', '1991-09-25 16:27:23'),
(19, 19, 'igqc', 50501, '214-037-8249x89910', '', '1981-12-06', 0, '2001-12-10 10:04:18', '2013-01-10 09:21:31'),
(20, 20, 'qowt', 722, '538-570-4521', '', '2012-02-03', 0, '1977-12-22 16:10:23', '1999-06-04 07:47:41'),
(21, 21, 'qjtl', 490, '054.862.8502x398', '', '1976-12-20', 0, '1989-01-27 07:17:30', '2007-03-24 22:02:47'),
(22, 22, 'vlul', 105, '611.879.4521x243', '', '1984-11-14', 0, '1996-12-18 14:48:03', '1994-04-23 02:18:57'),
(23, 23, 'yutw', 676139, '010-581-4364', '', '2013-11-02', 0, '1979-06-02 11:48:48', '2006-12-07 14:42:26'),
(24, 24, 'khac', 508, '380.354.3326', '', '1989-02-22', 0, '1990-12-28 09:51:39', '2009-01-03 12:06:56'),
(25, 25, 'qjtm', 0, '674-595-6365', '', '2003-08-12', 0, '2015-02-24 20:04:32', '1979-04-19 01:22:03'),
(26, 26, 'liop', 1, '1-046-438-3728', '', '1985-06-24', 0, '1986-03-18 12:14:47', '1974-11-04 14:42:32'),
(27, 27, 'dzdp', 392, '(735)348-1235x84377', '', '2001-12-20', 0, '2009-06-08 00:10:43', '1974-11-22 04:04:40'),
(28, 28, 'damh', 591, '293.345.9423x6500', '', '1978-02-28', 0, '2004-01-08 02:10:20', '2019-03-18 16:47:42'),
(29, 29, 'qgth', 0, '1-712-629-2303', '', '2019-11-18', 0, '1988-02-10 03:43:51', '1986-12-04 01:39:57'),
(30, 30, 'jfio', 702925, '660-887-0745x41493', '', '2008-08-25', 0, '2018-12-20 10:14:19', '1972-04-26 09:44:59'),
(31, 31, 'vhpx', 267, '576-142-3233', '', '2009-12-04', 0, '1979-08-20 20:42:29', '1986-01-04 12:47:06'),
(32, 32, 'pebw', 960804, '(258)985-7248', '', '2000-12-16', 0, '1971-12-20 13:21:16', '2004-01-25 19:37:44'),
(33, 33, 'bhcf', 2147483647, '497-909-6182', '', '1999-06-25', 0, '1986-05-17 03:32:08', '2016-03-20 03:48:30'),
(34, 34, 'lnax', 942881, '(399)582-0884x48291', '', '1986-01-01', 0, '1992-10-13 04:32:22', '1993-05-23 19:43:38'),
(35, 35, 'evex', 21, '413-285-0908x66738', '', '1989-09-10', 0, '1997-05-27 08:24:31', '2005-05-25 23:04:32'),
(36, 36, 'xxmv', 0, '(202)393-1013', '', '1997-12-08', 0, '2017-10-07 07:27:43', '1978-05-26 22:32:15'),
(37, 37, 'fkwm', 423801, '872.066.8078x482', '', '1984-12-15', 0, '2007-11-03 04:16:43', '1995-07-06 14:31:03'),
(38, 38, 'nhmz', 639, '(673)067-1888', '', '1974-05-13', 0, '1991-06-24 10:42:36', '2007-03-29 21:07:28'),
(39, 39, 'tpge', 235896, '957-455-4865x12016', '', '1996-03-29', 0, '1988-03-04 02:34:50', '2015-05-07 16:48:34'),
(40, 40, 'lxus', 0, '06838107714', '', '1976-04-06', 0, '1997-10-10 11:20:06', '1978-10-17 19:34:10'),
(41, 41, 'okud', 0, '1-435-374-5789x88602', '', '1974-07-03', 0, '2010-01-09 10:20:22', '1974-07-02 12:33:46'),
(42, 42, 'fnfs', 625228, '01683217785', '', '2002-06-19', 0, '2015-03-31 22:50:10', '1980-11-25 17:54:52'),
(43, 43, 'ygkz', 557699, '013.914.9954x3343', '', '2012-08-07', 0, '1994-09-10 06:20:06', '1980-10-15 16:36:32'),
(44, 44, 'rojt', 1, '1-738-404-9033', '', '1988-11-18', 0, '1998-12-13 03:17:24', '1973-08-18 03:00:27'),
(45, 45, 'epxm', 308, '652-439-6638', '', '1995-11-08', 0, '2012-12-26 01:46:31', '1970-06-05 08:55:17'),
(46, 46, 'rxvx', 0, '226-964-1721x9302', '', '2018-11-05', 0, '1997-07-11 12:34:43', '1992-10-02 23:46:57'),
(47, 47, 'dycb', 88, '730.411.1910', '', '1978-09-18', 0, '1971-03-02 02:03:32', '2017-07-15 19:07:06'),
(48, 48, 'kmzb', 783434678, '(322)104-8317', '', '1992-12-05', 0, '1976-08-10 12:09:38', '1994-12-01 06:23:31'),
(49, 49, 'jmlg', 0, '(632)198-8488x981', '', '1980-11-22', 0, '2008-07-27 13:21:23', '1973-07-21 12:44:44'),
(50, 50, 'klau', 0, '177-459-5460x7352', '', '1996-07-17', 0, '2010-10-21 03:01:42', '1974-03-10 20:11:48'),
(51, 51, 'fjrl', 0, '750-303-6643x57292', '', '2011-03-15', 0, '1999-07-12 13:57:48', '2006-08-24 21:13:24');

-- --------------------------------------------------------

--
-- Table structure for table `patient_activities`
--

CREATE TABLE `patient_activities` (
  `id` bigint(20) UNSIGNED NOT NULL,
  `caregiver_id` bigint(20) UNSIGNED NOT NULL,
  `doctor_id` bigint(20) UNSIGNED DEFAULT NULL,
  `patient_id` bigint(20) UNSIGNED NOT NULL,
  `has_given_morning_medicine` tinyint(1) NOT NULL,
  `has_given_afternoon_medicine` tinyint(1) NOT NULL,
  `has_given_night_medicine` tinyint(1) NOT NULL,
  `has_given_breakfast` tinyint(1) NOT NULL,
  `has_given_lunch` tinyint(1) NOT NULL,
  `has_given_dinner` tinyint(1) NOT NULL,
  `created_at` timestamp NULL DEFAULT NULL,
  `updated_at` timestamp NULL DEFAULT NULL
) ENGINE=InnoDB DEFAULT CHARSET=utf8mb4 COLLATE=utf8mb4_unicode_ci;

--
-- Dumping data for table `patient_activities`
--

INSERT INTO `patient_activities` (`id`, `caregiver_id`, `doctor_id`, `patient_id`, `has_given_morning_medicine`, `has_given_afternoon_medicine`, `has_given_night_medicine`, `has_given_breakfast`, `has_given_lunch`, `has_given_dinner`, `created_at`, `updated_at`) VALUES
(1, 29, 3, 18, 0, 0, 0, 0, 0, 0, NULL, NULL),
(2, 6, 4, 5, 1, 1, 1, 1, 1, 1, NULL, NULL);

-- --------------------------------------------------------

--
-- Table structure for table `patient_family_members`
--

CREATE TABLE `patient_family_members` (
  `id` bigint(20) UNSIGNED NOT NULL,
  `user_id` bigint(20) UNSIGNED NOT NULL,
  `patient_id` bigint(20) UNSIGNED NOT NULL,
  `created_at` timestamp NULL DEFAULT NULL,
  `updated_at` timestamp NULL DEFAULT NULL
) ENGINE=InnoDB DEFAULT CHARSET=utf8mb4 COLLATE=utf8mb4_unicode_ci;

--
-- Dumping data for table `patient_family_members`
--

INSERT INTO `patient_family_members` (`id`, `user_id`, `patient_id`, `created_at`, `updated_at`) VALUES
(1, 1, 1, '2009-02-03 18:57:07', '1979-11-04 08:53:40'),
(2, 2, 2, '1999-06-24 02:50:41', '1998-03-14 17:22:41'),
(3, 3, 3, '1973-10-16 05:09:13', '1987-01-03 00:51:04'),
(4, 4, 4, '1974-07-12 02:34:34', '1976-11-07 23:59:25'),
(5, 5, 5, '1970-05-08 15:52:15', '2001-12-09 07:41:17'),
(6, 6, 6, '2015-11-16 05:52:45', '1987-10-20 04:40:24'),
(7, 7, 7, '1970-08-10 21:09:30', '1997-10-24 18:06:12'),
(8, 8, 8, '2008-02-16 16:08:34', '1981-04-22 00:05:43'),
(9, 9, 9, '1998-08-13 22:13:53', '1994-03-07 16:10:53'),
(10, 10, 10, '1990-08-20 18:29:44', '1986-04-21 13:59:51'),
(11, 11, 11, '2017-10-03 01:22:50', '1993-05-17 16:49:29'),
(12, 12, 12, '1976-01-01 13:48:04', '1988-04-20 00:19:03'),
(13, 13, 13, '1981-03-20 18:22:10', '1986-11-06 17:59:57'),
(14, 14, 14, '2007-01-11 17:30:31', '1975-08-20 13:40:09'),
(15, 15, 15, '1983-07-19 21:29:22', '2000-06-13 13:23:28'),
(16, 16, 16, '1996-09-21 08:16:02', '1994-11-11 04:05:05'),
(17, 17, 17, '1994-09-25 11:07:25', '2011-11-01 00:16:58'),
(18, 18, 18, '1987-07-19 22:54:02', '2005-02-15 13:38:55'),
(19, 19, 19, '1974-01-11 05:38:26', '1978-01-19 20:25:06'),
(20, 20, 20, '1973-12-28 22:03:08', '2019-07-13 16:07:05'),
(21, 21, 21, '1975-03-29 14:56:24', '1999-03-04 14:57:26'),
(22, 22, 22, '1989-09-07 01:09:40', '1999-04-27 09:30:11'),
(23, 23, 23, '1993-05-07 13:58:54', '2005-03-25 11:41:20'),
(24, 24, 24, '1982-03-01 21:02:33', '1989-07-25 16:52:20'),
(25, 25, 25, '1995-05-01 12:56:33', '1975-07-16 05:08:52'),
(26, 26, 26, '1995-09-29 17:24:23', '1978-09-05 06:19:47'),
(27, 27, 27, '1991-04-27 11:55:32', '2019-04-18 17:30:47'),
(28, 28, 28, '2012-01-04 15:22:08', '2018-02-26 10:08:17'),
(29, 29, 29, '2015-01-04 14:34:04', '2005-11-04 21:50:04'),
(30, 30, 30, '1994-01-06 17:57:55', '2019-01-24 11:14:22'),
(31, 31, 31, '1983-04-24 07:26:58', '2003-10-06 13:29:01'),
(32, 32, 32, '1994-08-17 16:27:37', '1997-04-19 08:42:27'),
(33, 33, 33, '1999-09-05 22:27:28', '1980-08-22 05:37:22'),
(34, 34, 34, '1998-08-04 22:14:41', '2011-07-15 06:24:03'),
(35, 35, 35, '1971-03-28 17:47:29', '2008-03-11 21:38:10'),
(36, 36, 36, '2002-07-31 14:40:43', '1978-06-05 17:27:30'),
(37, 37, 37, '2020-04-21 09:30:36', '1982-10-28 17:57:47'),
(38, 38, 38, '1976-07-30 23:35:18', '1973-05-19 09:34:54'),
(39, 39, 39, '1996-08-12 11:13:40', '2017-03-23 05:01:14'),
(40, 40, 40, '1978-06-20 06:49:34', '1982-08-10 04:17:52'),
(41, 41, 41, '2011-03-05 14:27:30', '1979-09-14 07:09:58'),
(42, 42, 42, '1985-08-06 23:01:54', '2004-01-15 21:33:21'),
(43, 43, 43, '2018-10-14 13:42:09', '1991-04-22 21:54:09'),
(44, 44, 44, '2003-06-29 12:43:22', '1972-10-07 16:09:58'),
(45, 45, 45, '1990-12-29 05:24:08', '1978-05-06 14:55:06'),
(46, 46, 46, '1978-03-15 12:41:44', '2007-05-16 17:53:28'),
(47, 47, 47, '1994-01-31 07:21:38', '1989-07-07 06:52:32'),
(48, 48, 48, '2003-10-16 12:48:47', '1991-04-17 01:15:11'),
(49, 49, 49, '2020-09-30 11:42:58', '1979-05-12 08:26:21'),
(50, 50, 50, '1979-09-27 01:56:43', '1995-02-17 03:09:21'),
(51, 51, 51, '1982-05-18 12:08:25', '2020-01-19 04:29:10');

-- --------------------------------------------------------

--
-- Table structure for table `prescriptions`
--

CREATE TABLE `prescriptions` (
  `id` bigint(20) UNSIGNED NOT NULL,
  `doctor_id` bigint(20) UNSIGNED NOT NULL,
  `patient_id` bigint(20) UNSIGNED NOT NULL,
  `comment` varchar(255) COLLATE utf8mb4_unicode_ci NOT NULL,
  `date` date NOT NULL,
  `morning_medicine` varchar(255) COLLATE utf8mb4_unicode_ci NOT NULL,
  `afternoon_medicine` varchar(255) COLLATE utf8mb4_unicode_ci NOT NULL,
  `night_medicine` varchar(255) COLLATE utf8mb4_unicode_ci NOT NULL,
  `created_at` timestamp NULL DEFAULT NULL,
  `updated_at` timestamp NULL DEFAULT NULL
) ENGINE=InnoDB DEFAULT CHARSET=utf8mb4 COLLATE=utf8mb4_unicode_ci;

--
-- Dumping data for table `prescriptions`
--

INSERT INTO `prescriptions` (`id`, `doctor_id`, `patient_id`, `comment`, `date`, `morning_medicine`, `afternoon_medicine`, `night_medicine`, `created_at`, `updated_at`) VALUES
(101, 6, 2, 'sleep tight ', '2007-02-03', 'bhaat', 'pani', 'mair', '1978-06-20 22:30:51', '1988-01-01 22:39:28'),
(102, 3, 3, 'sleep tight ', '2021-01-14', 'bhaat', 'pani', 'mair', '2004-10-25 16:49:29', '2004-04-02 08:09:11'),
(103, 3, 4, 'sleep tight ', '2022-10-20', 'bhaat', 'pani', 'mair', '1973-09-04 01:20:44', '1986-04-28 04:43:24'),
(104, 3, 9, 'sleep tight ', '1972-11-27', 'bhaat', 'pani', 'mair', '1974-06-01 05:10:05', '1998-08-09 12:02:42'),
(105, 6, 5, 'sleep tight ', '1970-04-03', 'bhaat', 'pani', 'mair', '1984-02-14 18:38:31', '1987-08-24 11:09:22'),
(106, 5, 4, 'sleep tight ', '2013-10-10', 'bhaat', 'pani', 'mair', '1992-05-03 07:17:48', '2014-03-17 11:11:54'),
(107, 5, 7, 'sleep tight ', '1980-11-05', 'bhaat', 'pani', 'mair', '1979-06-04 23:50:01', '1971-06-02 19:06:13'),
(108, 7, 4, 'sleep tight ', '2020-08-01', 'bhaat', 'pani', 'mair', '1986-01-25 15:08:35', '1989-02-24 07:08:25'),
(109, 7, 5, 'sleep tight ', '1987-04-26', 'bhaat', 'pani', 'mair', '1976-06-01 23:56:29', '2008-01-06 08:34:03'),
(111, 4, 8, 'sleep tight ', '1985-07-30', 'bhaat', 'pani', 'mair', '1993-09-10 09:11:57', '1982-04-26 06:18:39'),
(112, 5, 1, 'sleep tight ', '2004-01-17', 'bhaat', 'pani', 'mair', '1995-04-22 17:50:41', '2006-11-05 10:51:36'),
(113, 3, 2, 'sleep tight ', '2002-07-13', 'bhaat', 'pani', 'mair', '1976-04-14 04:08:00', '1971-11-20 11:20:26'),
(114, 3, 2, 'sleep tight ', '2011-09-20', 'bhaat', 'pani', 'mair', '2018-12-26 17:40:02', '1987-07-03 09:57:36'),
(115, 9, 4, 'sleep tight ', '1987-07-17', 'bhaat', 'pani', 'mair', '2015-04-12 19:33:47', '1971-11-05 02:27:04'),
(116, 7, 5, 'sleep tight ', '2005-04-18', 'bhaat', 'pani', 'mair', '2005-10-17 03:47:23', '1996-04-05 00:28:34'),
(118, 4, 1, 'sleep tight ', '2001-11-03', 'bhaat', 'pani', 'mair', '1999-01-20 03:23:54', '2001-01-11 23:21:50'),
(119, 2, 4, 'sleep tight ', '1971-02-25', 'bhaat', 'pani', 'mair', '1984-04-01 19:14:08', '2005-03-17 15:32:46'),
(120, 8, 5, 'sleep tight ', '2016-01-12', 'bhaat', 'pani', 'mair', '1996-06-05 13:55:51', '1973-07-31 16:27:28'),
(121, 8, 1, 'sleep tight ', '2016-10-30', 'bhaat', 'pani', 'mair', '1993-04-16 09:25:50', '1972-01-25 17:01:03'),
(122, 9, 4, 'sleep tight ', '1993-10-09', 'bhaat', 'pani', 'mair', '1979-04-09 11:47:45', '2018-03-13 03:36:06'),
(123, 7, 5, 'sleep tight ', '1981-12-16', 'bhaat', 'pani', 'mair', '1978-06-18 16:09:45', '1970-05-23 04:53:36'),
(124, 8, 6, 'sleep tight ', '2009-06-20', 'bhaat', 'pani', 'mair', '2002-03-26 20:33:31', '1999-11-19 01:17:19'),
(125, 2, 3, 'sleep tight ', '1997-09-24', 'bhaat', 'pani', 'mair', '2006-07-29 16:11:13', '1980-08-05 06:33:59'),
(127, 9, 1, 'sleep tight ', '1998-08-28', 'bhaat', 'pani', 'mair', '2007-04-10 22:27:33', '1988-01-03 00:34:49'),
(128, 2, 8, 'sleep tight ', '2005-04-28', 'bhaat', 'pani', 'mair', '1980-03-23 03:15:21', '1980-06-02 10:41:20'),
(129, 8, 6, 'sleep tight ', '2016-06-06', 'bhaat', 'pani', 'mair', '1997-07-11 17:13:03', '1985-12-27 13:35:02'),
(131, 6, 4, 'sleep tight ', '1994-10-04', 'bhaat', 'pani', 'mair', '1974-09-24 14:17:42', '1974-05-25 19:20:03'),
(132, 1, 9, 'sleep tight ', '2016-07-25', 'bhaat', 'pani', 'mair', '1976-04-26 13:54:46', '1986-01-23 01:27:13'),
(135, 7, 7, 'sleep tight ', '1981-05-28', 'bhaat', 'pani', 'mair', '1981-04-23 09:29:30', '1984-03-28 11:31:16'),
(136, 2, 5, 'sleep tight ', '1976-10-03', 'bhaat', 'pani', 'mair', '1977-04-09 05:35:22', '2016-07-15 20:20:14'),
(137, 3, 4, 'sleep tight ', '2000-12-08', 'bhaat', 'pani', 'mair', '1994-01-31 06:43:59', '1976-12-07 19:26:55'),
(138, 7, 8, 'sleep tight ', '2011-08-30', 'bhaat', 'pani', 'mair', '1973-06-05 17:07:08', '1997-06-14 22:08:37'),
(139, 3, 2, 'sleep tight ', '1993-10-02', 'bhaat', 'pani', 'mair', '2020-06-23 13:33:32', '1985-10-02 03:58:57'),
(140, 4, 2, 'sleep tight ', '1992-03-10', 'bhaat', 'pani', 'mair', '1980-04-12 11:25:40', '2002-12-20 00:15:13'),
(141, 8, 4, 'sleep tight ', '1976-08-12', 'bhaat', 'pani', 'mair', '1982-08-24 08:42:05', '2015-04-15 11:25:08'),
(142, 7, 2, 'sleep tight ', '2019-10-26', 'bhaat', 'pani', 'mair', '1997-02-09 01:12:05', '2009-03-02 15:29:19'),
(143, 5, 6, 'sleep tight ', '1985-10-07', 'bhaat', 'pani', 'mair', '1977-09-10 09:58:13', '1990-01-17 12:01:18'),
(145, 6, 3, 'sleep tight ', '1974-12-19', 'bhaat', 'pani', 'mair', '2007-12-04 10:26:54', '1971-09-13 16:30:51'),
(147, 8, 8, 'sleep tight ', '2004-12-29', 'bhaat', 'pani', 'mair', '1981-11-26 04:25:40', '1973-02-03 17:33:51'),
(148, 6, 8, 'sleep tight ', '2005-05-26', 'bhaat', 'pani', 'mair', '1998-09-07 23:28:34', '1992-02-28 11:07:46'),
(149, 9, 4, 'sleep tight ', '1988-09-16', 'bhaat', 'pani', 'mair', '2004-05-09 11:31:55', '1994-07-25 14:18:14'),
(150, 8, 3, 'sleep tight ', '2006-07-06', 'bhaat', 'pani', 'mair', '2006-11-06 11:27:25', '2019-11-17 02:40:55'),
(152, 6, 3, 'sleep tight ', '1987-04-30', 'bhaat', 'pani', 'mair', '1977-08-04 03:50:43', '1999-09-01 19:04:24'),
(153, 4, 2, 'sleep tight ', '1981-01-10', 'bhaat', 'pani', 'mair', '1970-03-14 16:53:08', '2006-04-15 23:40:59'),
(155, 4, 3, 'sleep tight ', '2017-01-17', 'bhaat', 'pani', 'mair', '1994-05-12 20:54:31', '1988-08-01 09:42:54'),
(156, 4, 7, 'sleep tight ', '1990-10-24', 'bhaat', 'pani', 'mair', '1977-03-31 23:06:52', '1989-11-11 21:11:20'),
(157, 8, 6, 'sleep tight ', '1984-03-29', 'bhaat', 'pani', 'mair', '1999-03-16 05:46:19', '2000-12-22 22:24:56'),
(158, 5, 4, 'sleep tight ', '1978-08-04', 'bhaat', 'pani', 'mair', '2013-02-07 16:10:16', '2002-11-23 04:36:00'),
(159, 1, 3, 'sleep tight ', '1971-09-22', 'bhaat', 'pani', 'mair', '1985-06-25 05:48:19', '2003-03-01 00:17:57'),
(160, 7, 4, 'sleep tight ', '1979-01-22', 'bhaat', 'pani', 'mair', '2007-11-02 20:51:25', '2013-04-25 12:06:10'),
(161, 9, 9, 'sleep tight ', '2001-08-10', 'bhaat', 'pani', 'mair', '1989-04-04 01:07:26', '1973-09-12 10:09:17'),
(162, 4, 3, 'sleep tight ', '2002-11-14', 'bhaat', 'pani', 'mair', '1997-11-22 16:15:00', '2016-06-25 16:00:49'),
(163, 1, 1, 'sleep tight ', '1972-02-12', 'bhaat', 'pani', 'mair', '2012-12-08 02:48:21', '2002-09-16 02:48:32'),
(164, 3, 7, 'sleep tight ', '1989-07-09', 'bhaat', 'pani', 'mair', '1970-08-24 03:06:43', '2013-05-08 22:25:35'),
(166, 1, 1, 'sleep tight ', '2014-02-20', 'bhaat', 'pani', 'mair', '1984-12-06 16:54:47', '2019-01-05 08:50:44'),
(167, 6, 8, 'sleep tight ', '2011-10-02', 'bhaat', 'pani', 'mair', '2012-03-15 05:51:17', '1997-06-08 16:46:49'),
(168, 2, 4, 'sleep tight ', '1986-12-15', 'bhaat', 'pani', 'mair', '2017-08-28 22:31:57', '1992-06-05 19:11:52'),
(169, 8, 9, 'sleep tight ', '1977-11-05', 'bhaat', 'pani', 'mair', '1985-08-05 10:26:19', '1984-09-17 08:40:54'),
(172, 2, 9, 'sleep tight ', '2003-02-21', 'bhaat', 'pani', 'mair', '1977-07-19 03:06:15', '2016-09-14 21:06:53'),
(173, 1, 3, 'sleep tight ', '1970-06-22', 'bhaat', 'pani', 'mair', '1970-01-20 14:24:26', '2008-12-25 02:15:30'),
(175, 2, 1, 'sleep tight ', '2016-11-02', 'bhaat', 'pani', 'mair', '1987-02-13 20:44:49', '1985-04-25 17:03:11'),
(176, 6, 9, 'sleep tight ', '2009-04-13', 'bhaat', 'pani', 'mair', '1996-06-18 06:10:34', '1992-01-08 08:10:07'),
(178, 2, 8, 'sleep tight ', '2003-09-10', 'bhaat', 'pani', 'mair', '2016-09-09 01:50:44', '1986-10-28 03:40:44'),
(179, 4, 6, 'sleep tight ', '1984-02-16', 'bhaat', 'pani', 'mair', '1999-06-21 02:30:49', '1974-06-28 19:12:41'),
(180, 5, 9, 'sleep tight ', '2005-02-14', 'bhaat', 'pani', 'mair', '1985-11-23 04:52:38', '1973-07-25 15:45:36'),
(184, 2, 5, 'sleep tight ', '1997-12-20', 'bhaat', 'pani', 'mair', '2005-02-04 11:05:24', '1995-02-04 10:17:22'),
(186, 7, 9, 'sleep tight ', '2013-04-24', 'bhaat', 'pani', 'mair', '2005-10-01 09:09:12', '2010-10-07 18:32:36'),
(187, 2, 5, 'sleep tight ', '2000-07-13', 'bhaat', 'pani', 'mair', '2004-10-03 19:58:59', '1985-03-14 03:22:23'),
(188, 3, 8, 'sleep tight ', '2001-04-24', 'bhaat', 'pani', 'mair', '1989-03-07 10:32:05', '2008-07-02 11:54:00'),
(189, 3, 1, 'sleep tight ', '2006-02-08', 'bhaat', 'pani', 'mair', '1985-08-28 05:29:42', '2000-03-17 04:21:53'),
(190, 9, 6, 'sleep tight ', '1971-12-15', 'bhaat', 'pani', 'mair', '2001-01-15 05:45:28', '1995-05-31 12:31:32'),
(191, 7, 8, 'sleep tight ', '2011-01-30', 'bhaat', 'pani', 'mair', '2011-05-26 10:16:26', '2011-07-07 00:32:58'),
(192, 3, 9, 'sleep tight ', '2005-05-29', 'bhaat', 'pani', 'mair', '1983-06-09 12:53:21', '1988-10-01 22:23:38'),
(193, 8, 9, 'sleep tight ', '2014-02-14', 'bhaat', 'pani', 'mair', '2012-10-17 19:52:50', '2001-11-01 06:37:28'),
(194, 6, 4, 'sleep tight ', '2002-11-14', 'bhaat', 'pani', 'mair', '1997-03-14 04:22:47', '1992-05-02 13:58:11'),
(195, 6, 4, 'sleep tight ', '2006-09-03', 'bhaat', 'pani', 'mair', '2004-06-20 20:00:39', '1987-11-17 10:04:44'),
(196, 9, 8, 'sleep tight ', '1978-07-27', 'bhaat', 'pani', 'mair', '1971-01-24 22:33:40', '1999-02-24 00:01:43'),
(197, 7, 9, 'sleep tight ', '1975-10-22', 'bhaat', 'pani', 'mair', '1994-03-15 09:14:10', '2010-02-22 03:15:13'),
(198, 3, 2, 'sleep tight ', '1978-02-20', 'bhaat', 'pani', 'mair', '2018-07-23 21:35:22', '1970-08-19 19:22:28'),
(200, 3, 8, 'sleep tight ', '2014-06-01', 'bhaat', 'pani', 'mair', '1973-10-19 11:28:17', '1981-12-26 19:46:09');

-- --------------------------------------------------------

--
-- Table structure for table `roles`
--

CREATE TABLE `roles` (
  `id` bigint(20) UNSIGNED NOT NULL,
  `role_name` varchar(255) COLLATE utf8mb4_unicode_ci NOT NULL,
  `access_level` int(11) NOT NULL,
  `created_at` timestamp NULL DEFAULT NULL,
  `updated_at` timestamp NULL DEFAULT NULL
) ENGINE=InnoDB DEFAULT CHARSET=utf8mb4 COLLATE=utf8mb4_unicode_ci;

--
-- Dumping data for table `roles`
--

INSERT INTO `roles` (`id`, `role_name`, `access_level`, `created_at`, `updated_at`) VALUES
(1, 'Admin', 0, '2020-11-09 05:55:49', '2020-11-09 05:55:57'),
(2, 'SuperVisor', 0, '2020-11-09 05:57:46', '2020-11-09 05:57:49'),
(3, 'CareGiver', 0, '2020-11-09 05:57:52', '2020-11-09 05:57:54'),
(4, 'Doctor', 0, '2020-11-09 05:57:56', '2020-11-09 05:57:59'),
(5, 'Patient', 0, '2020-11-09 05:58:02', '2020-11-09 05:58:03'),
(6, 'PatientFamily', 0, '2020-11-09 05:58:05', '2020-11-09 05:58:07'),
(7, 'Test', 4, NULL, NULL),
(8, 'harum', 0, '2009-09-29 04:49:07', '2017-03-25 06:41:27'),
(9, 'maxime', 0, '1999-07-19 06:10:38', '1998-09-19 16:57:02'),
(10, 'repellendus', 0, '2017-09-17 20:08:52', '2007-01-11 15:51:12'),
(11, 'voluptatem', 0, '1970-10-05 14:17:03', '1976-04-12 15:45:09'),
(12, 'minus', 0, '2014-07-30 17:32:41', '1987-06-28 10:42:27'),
(13, 'Doctor', 0, '2014-06-21 21:36:24', '1979-11-16 13:59:00'),
(14, 'perferendis', 0, '1978-09-11 22:48:19', '1982-02-09 08:41:17'),
(15, 'culpa', 0, '1997-02-28 10:36:46', '1997-01-05 01:50:44'),
(16, 'molestiae', 0, '2017-11-12 02:09:11', '1972-01-01 04:41:26'),
(17, 'Doctor', 0, '1997-03-11 03:48:53', '2003-03-02 04:51:45'),
(18, 'est', 0, '2015-06-26 16:49:14', '1986-12-31 10:29:34'),
(19, 'quos', 0, '1976-10-10 20:35:48', '2006-01-03 08:51:12'),
(20, 'tenetur', 0, '2007-08-26 14:34:19', '1998-02-13 13:35:38'),
(21, 'Doctor', 0, '2010-11-18 01:14:08', '1997-01-31 16:36:38'),
(22, 'error', 0, '1970-07-20 11:29:42', '1977-06-14 17:56:10'),
(23, 'Doctor', 0, '1990-01-28 23:10:26', '1986-02-09 16:06:51'),
(24, 'dolores', 0, '2002-10-23 09:02:51', '1988-02-29 21:26:14'),
(25, 'Doctor', 0, '1988-04-19 14:16:17', '2016-03-17 04:34:41'),
(26, 'in', 0, '1978-05-03 07:54:29', '2010-11-09 08:07:47'),
(27, 'aliquid', 0, '1991-09-01 08:56:04', '2018-01-02 12:29:29'),
(28, 'expedita', 0, '1972-07-15 03:27:17', '1983-10-15 00:29:57'),
(29, 'non', 0, '1984-09-22 04:15:47', '1970-12-31 14:41:32'),
(30, 'totam', 0, '2007-11-05 19:48:17', '2011-01-01 14:13:50'),
(31, 'Doctor', 0, '2017-02-01 09:34:59', '1991-04-19 07:36:31'),
(32, 'qui', 0, '2004-04-07 14:42:12', '2020-06-23 02:40:39'),
(33, 'Doctor', 0, '2018-03-01 17:49:33', '1970-10-02 03:08:04'),
(34, 'ipsa', 0, '1982-01-10 07:40:32', '1985-07-29 08:46:22'),
(35, 'enim', 0, '1996-10-27 21:05:06', '2019-07-27 11:26:25'),
(36, 'Doctor', 0, '1993-06-24 21:17:02', '1983-01-05 06:03:14'),
(37, 'omnis', 0, '1972-08-13 04:46:35', '2009-04-21 22:15:46'),
(38, 'architecto', 0, '1972-01-14 15:18:11', '2015-05-01 19:01:57'),
(39, 'excepturi', 0, '2006-11-13 13:20:48', '1977-04-07 20:48:28'),
(40, 'Doctor', 0, '1991-08-14 20:15:16', '1977-09-30 06:01:48'),
(41, 'odit', 0, '1981-10-11 20:38:53', '1984-09-30 23:04:23'),
(42, 'libero', 0, '1979-03-21 00:01:26', '2005-04-23 18:09:02'),
(43, 'incidunt', 0, '2003-03-31 07:15:29', '1980-04-30 10:28:48'),
(44, 'quia', 0, '1982-03-18 08:15:27', '1995-02-26 08:36:54'),
(46, 'similique', 0, '2013-05-21 12:39:21', '1984-12-10 07:54:51'),
(47, 'ut', 0, '1981-04-02 12:18:43', '1989-02-05 07:15:57'),
(48, 'Doctor', 0, '2001-10-23 14:26:11', '1996-07-28 16:31:30'),
(49, 'quisquam', 0, '2003-11-16 19:11:18', '1994-04-09 11:55:33'),
(50, 'dignissimos', 0, '2012-10-05 13:03:14', '1976-11-01 20:38:27'),
(51, 'non', 0, '1998-08-23 22:10:48', '1978-02-17 06:13:40'),
(111, 'est', 0, '1992-09-18 20:59:53', '1984-09-10 07:27:03'),
(211, 'a', 0, '2006-10-24 07:56:11', '1975-12-14 17:59:47'),
(311, 'aliquam', 0, '2018-07-22 18:29:58', '2018-02-10 00:09:29'),
(411, 'officia', 0, '1998-07-18 06:06:16', '2004-02-07 02:31:52'),
(455, 'dolorum', 0, '1987-02-10 18:50:40', '1977-03-01 18:32:53'),
(511, 'pariatur', 0, '1979-01-29 20:10:32', '1986-04-11 07:22:28'),
(611, 'maxime', 0, '1976-12-11 10:58:52', '1996-03-07 16:20:55'),
(711, 'a', 0, '2008-12-09 15:00:42', '2002-04-21 03:03:01'),
(811, 'harum', 0, '2009-09-29 04:49:07', '2017-03-25 06:41:27'),
(812, 'New Test', 3, NULL, NULL),
(813, 'pasawala', 9000, NULL, NULL);

-- --------------------------------------------------------

--
-- Table structure for table `rosters`
--

CREATE TABLE `rosters` (
  `id` bigint(20) UNSIGNED NOT NULL,
  `supervisor_id` bigint(20) UNSIGNED NOT NULL,
  `doctor_id` bigint(20) UNSIGNED NOT NULL,
  `caregiver_1_id` bigint(20) UNSIGNED NOT NULL,
  `caregiver_2_id` bigint(20) UNSIGNED NOT NULL,
  `caregiver_3_id` bigint(20) UNSIGNED NOT NULL,
  `caregiver_4_id` bigint(20) UNSIGNED NOT NULL,
  `date` date NOT NULL,
  `created_at` timestamp NULL DEFAULT NULL,
  `updated_at` timestamp NULL DEFAULT NULL
) ENGINE=InnoDB DEFAULT CHARSET=utf8mb4 COLLATE=utf8mb4_unicode_ci;

--
-- Dumping data for table `rosters`
--

INSERT INTO `rosters` (`id`, `supervisor_id`, `doctor_id`, `caregiver_1_id`, `caregiver_2_id`, `caregiver_3_id`, `caregiver_4_id`, `date`, `created_at`, `updated_at`) VALUES
(1, 2, 13, 15, 25, 25, 15, '2020-11-18', NULL, NULL);

-- --------------------------------------------------------

--
-- Table structure for table `update_date`
--

CREATE TABLE `update_date` (
  `id` bigint(20) UNSIGNED NOT NULL,
  `Last_Update` date NOT NULL,
  `created_at` timestamp NULL DEFAULT NULL,
  `updated_at` timestamp NULL DEFAULT NULL
) ENGINE=InnoDB DEFAULT CHARSET=utf8mb4 COLLATE=utf8mb4_unicode_ci;

-- --------------------------------------------------------

--
-- Table structure for table `users`
--

CREATE TABLE `users` (
  `id` bigint(20) UNSIGNED NOT NULL,
  `role_id` bigint(20) UNSIGNED NOT NULL,
  `first_name` varchar(255) COLLATE utf8mb4_unicode_ci NOT NULL,
  `last_name` varchar(255) COLLATE utf8mb4_unicode_ci NOT NULL,
  `phone` varchar(255) COLLATE utf8mb4_unicode_ci NOT NULL,
  `email` varchar(255) COLLATE utf8mb4_unicode_ci NOT NULL,
  `date_of_birth` date NOT NULL,
  `password` varchar(255) COLLATE utf8mb4_unicode_ci NOT NULL,
  `approved` tinyint(1) NOT NULL,
  `created_at` timestamp NULL DEFAULT NULL,
  `updated_at` timestamp NULL DEFAULT NULL
) ENGINE=InnoDB DEFAULT CHARSET=utf8mb4 COLLATE=utf8mb4_unicode_ci;

--
-- Dumping data for table `users`
--

INSERT INTO `users` (`id`, `role_id`, `first_name`, `last_name`, `phone`, `email`, `date_of_birth`, `password`, `approved`, `created_at`, `updated_at`) VALUES
(1, 1, 'Lonie', 'Corwin', '1-573-573-2395', 'uhalvorson@example.net', '1973-10-05', 'ae4ca04f44c0c6cbf24e8d32d52dcb61826ed3ef', 1, '1985-07-25 02:41:02', '2004-05-05 19:46:40'),
(2, 2, 'Brice', 'Wilderman', '(707)221-8100x8489', 'karl54@example.com', '2019-03-09', '74fc482c09af3e4e28fbefe4b152ff7f0a1c3c7a', 1, '2018-02-21 02:07:20', '1973-10-26 13:52:21'),
(3, 3, 'Eleonore', 'Harvey', '(235)430-0831x5580', 'zrunolfsson@example.net', '2004-12-12', 'd0a74c48691b775d2ad78433b16062d74b542fd5', 1, '1978-12-17 16:32:58', '1975-11-21 18:36:13'),
(4, 4, 'Trystan', 'Lehner', '256.980.5558', 'dedric.conroy@example.net', '2001-04-12', 'b31907dea11f3a13a17ecf3aa4f9d45d80f0ddbb', 1, '1986-02-24 11:45:25', '1982-03-22 23:01:49'),
(5, 5, 'Althea', 'Kuvalis', '796-284-9235', 'champlin.daphnee@example.net', '2005-11-22', '07becc9bf127bbb391e322c94ef04e040dee2f22', 1, '1978-05-22 15:44:19', '1971-01-08 23:50:36'),
(6, 6, 'Dana', 'Rice', '1-305-646-1964x88756', 'davion.cormier@example.net', '2010-10-06', 'ccbcbe7cce192e55b678be13e46ea0131b8df03f', 1, '1999-05-24 05:21:53', '1981-02-20 02:05:31'),
(7, 7, 'Molly', 'McGlynn', '1-117-705-2858', 'maria.hegmann@example.com', '1985-04-09', '0f4375613796ba7617d850f2e135f9d61b37bc14', 1, '1998-11-19 20:55:18', '1990-07-31 06:04:24'),
(8, 8, 'Jeffrey', 'Schinner', '+77(2)8476329721', 'bettye.boyle@example.net', '2004-07-18', 'a2bb943af73a226dfb8054ad3abedbb775efd460', 1, '1996-03-11 17:28:53', '2008-03-09 20:37:24'),
(9, 4, 'William', 'Altenwerth', '+53(1)5983794822', 'xwiza@example.com', '1981-12-23', '68d60f33ad4372b16ed352bd90e4198bbf08cc9a', 1, '1988-12-16 04:45:38', '1999-03-11 08:00:08'),
(10, 3, 'Marta', 'Tillman', '01738248563', 'bmccullough@example.com', '2009-12-02', '91fa84de5f908d74923550fcb0f7bfa0e7f2672d', 1, '1987-05-14 20:03:49', '1973-06-11 20:41:56'),
(11, 5, 'Katelyn', 'Fadel', '238.524.1231x0366', 'gmetz@example.org', '1976-07-15', 'ba56bf7abc7e5dd7e8cc7ccd097baa7d45992acc', 1, '1984-04-14 19:44:50', '1990-06-12 01:04:35'),
(12, 12, 'Chaz', 'Gorczany', '976-252-7888x7406', 'bartell.victor@example.com', '2016-03-02', '434b7dc1f28254e7f74cc2717b1edbb9a88e7d5f', 1, '1987-04-12 08:42:01', '1987-01-08 02:05:41'),
(13, 4, 'Francisco', 'Schaefer', '462.385.0467', 'waylon.douglas@example.net', '2009-09-29', '86e747dcdc96335fe6a962ad484788e2948b4c85', 1, '1973-02-09 21:24:28', '2015-03-21 04:11:18'),
(14, 14, 'Ebony', 'Haag', '01400871865', 'jerrell.bayer@example.net', '1991-03-25', '78912b04dc24750ff4fda1f282c6b5f311c8a0b9', 1, '2010-12-10 19:59:22', '1988-03-03 19:47:32'),
(15, 3, 'Shaylee', 'Hane', '590-877-8629x048', 'ellie05@example.net', '2015-10-22', '5c814cb7f73d0c580b0cfdda8c3370b349430a35', 1, '2004-11-11 02:21:07', '1991-05-22 16:57:25'),
(16, 5, 'Jean', 'Cole', '+43(8)1803870496', 'vernon.klein@example.org', '1982-04-14', '7d4caa191fae4f77e2207413dbbbaa9c83a59b50', 1, '2018-09-24 00:34:32', '2005-04-14 05:06:11'),
(17, 4, 'Vivianne', 'Bogan', '1-527-132-5562', 'wmueller@example.com', '1977-07-07', '520549ede388ef87b230e116ab60fa59750d836e', 1, '1980-07-26 12:51:10', '1985-08-17 15:29:27'),
(18, 5, 'Brandy', 'Stokes', '08139114585', 'cterry@example.net', '1989-02-04', '14ff5efa1b2adff4a21d391b204f528fd1493299', 1, '2010-08-29 14:36:19', '1982-05-27 11:58:08'),
(19, 19, 'Amaya', 'Heller', '(063)200-3220', 'payton.kihn@example.net', '1977-10-23', '313a0e6d1b968ded53d91290563dcbee699d80a0', 1, '1986-01-24 14:30:05', '1997-05-13 19:23:48'),
(20, 20, 'Mac', 'Green', '265-442-6257x188', 'satterfield.rowena@example.org', '2007-10-06', '69ac8533e4f15374d4f6e815e63a32a16907fc2d', 1, '1981-07-16 20:59:53', '2014-03-18 14:48:49'),
(21, 21, 'Ashleigh', 'Predovic', '1-026-238-6543x86604', 'dayne21@example.com', '1992-09-16', '5fb539b2263947d7c6c3261ee3bd7e29be403ed5', 1, '2001-09-28 22:31:41', '2015-01-20 09:21:51'),
(22, 22, 'Ole', 'Mante', '(823)145-0300', 'saul.marks@example.net', '1993-11-24', '282a5ee3ac69fbf13fb1d586c569d9f9ddc3c67b', 1, '2011-02-09 15:14:44', '1987-09-27 19:49:45'),
(23, 4, 'Aditya', 'Leffler', '1-923-312-3008x51388', 'archibald.sawayn@example.net', '1994-11-18', '4f3c7f250cae5f2b78ec6e5bf4e1b5b315e2f1fe', 1, '1990-01-30 16:57:57', '1980-09-21 19:31:19'),
(24, 5, 'Johanna', 'Lehner', '216.236.9964x18314', 'wilfrid17@example.com', '1982-11-08', '4100a182796aebd08797236958ddd7f806cd3ae8', 1, '1999-08-14 01:31:26', '2007-08-25 13:12:22'),
(25, 3, 'Lamar', 'Torp', '182-333-0129x9959', 'xconroy@example.org', '1976-05-27', 'c412a848e2d91d5bde2643fcca6a45e32cf5f336', 1, '2005-12-19 16:46:54', '2011-07-23 14:25:02'),
(26, 26, 'Erwin', 'Breitenberg', '880.154.8221x1498', 'lorenzo.koss@example.com', '1976-10-23', '4f6b7ab0a72d5371a0f5a848e3f1c7581ebc3670', 1, '1981-03-13 19:45:46', '2015-05-21 17:47:46'),
(27, 5, 'Rafaela', 'Crona', '(771)897-0360', 'cortez41@example.com', '1997-12-08', '0b065f3340cede68ae192e8acab555d7755fae92', 1, '1984-09-23 08:25:36', '2016-01-30 20:45:02'),
(28, 5, 'Jesus', 'Ferry', '(886)489-5711', 'upton.kacie@example.net', '2010-10-27', '45d4aeff4dbc5103bd723e0a67a0766b391bff51', 1, '1975-12-29 06:15:48', '1989-01-06 10:52:20'),
(29, 5, 'Audreanne', 'Bashirian', '128.442.7331', 'raynor.noe@example.org', '2012-09-25', 'd98334488abb98e4d9cbad63ad676eb2a3201c3c', 1, '2004-05-21 14:34:54', '2017-04-03 10:11:12'),
(30, 4, 'Ollie', 'Doyle', '09319576671', 'ekovacek@example.net', '2009-11-28', '77a9846ec7d59686480ccabe05078f8cbf41c929', 1, '2017-04-09 13:13:40', '1973-12-22 14:54:16'),
(31, 3, 'Ella', 'Goldner', '036.486.8864x325', 'strosin.nathaniel@example.net', '1990-07-25', 'edec0520580ddbb9eeb1826359ae3bf4e3440465', 1, '1980-04-18 22:33:34', '2009-02-03 02:36:07'),
(32, 5, 'Cassandre', 'Wyman', '1-597-825-9859x556', 'madelynn53@example.net', '2017-02-15', '59e50aaeef01fc3784e2594c662c8885c52c4028', 1, '1992-01-24 18:05:54', '2009-04-21 23:15:34'),
(33, 3, 'Kolby', 'Lubowitz', '805-441-3306x41571', 'huels.beulah@example.net', '1986-07-06', '3c9aef96c3c84c4081176f510388dce13d6ba8d5', 1, '1979-04-22 07:03:44', '1983-05-04 20:59:26'),
(34, 4, 'Cara', 'Emard', '+73(0)6153938512', 'jamie79@example.net', '1995-10-22', '6a46822b40a02f68ea09cee2def081d9855f8990', 1, '1972-09-18 17:15:55', '1995-04-10 10:47:41'),
(35, 4, 'Tristian', 'Corkery', '908-617-4040x567', 'evangeline04@example.org', '1981-11-07', 'a0d7519433b95ba57b5e579a3af2edb9a4d6baca', 1, '2003-12-12 03:30:43', '1984-05-28 19:15:07'),
(36, 3, 'Curt', 'Kihn', '1-673-423-3705x70862', 'sipes.jane@example.net', '2020-05-30', '718cf594a61a68007384190337168371e3292922', 1, '1990-03-13 09:42:06', '1973-11-05 08:36:21'),
(37, 37, 'Coleman', 'Halvorson', '128-829-0758', 'ernser.oren@example.com', '1999-01-24', '9368767b813dc14a34012626f76f91aca6b8ace0', 1, '2006-02-13 07:14:43', '2015-07-07 16:05:59'),
(38, 5, 'Nina', 'Lowe', '670.288.3263x28761', 'pmoen@example.com', '1975-01-06', '3c7a46e0a5e11761b98b797c030e911afc6f87dd', 1, '2000-11-06 04:23:42', '2018-09-22 04:32:10'),
(39, 3, 'Rosendo', 'Koelpin', '293-506-6962', 'kacie.harris@example.com', '2019-04-17', '863f5e2439622fccd250ea364df929e389a82aba', 1, '1989-01-23 13:38:21', '1987-01-16 01:54:31'),
(40, 3, 'Rory', 'Dach', '237.816.9175x960', 'rempel.enola@example.com', '1981-07-19', '94f8db5dd2ad19f6881f6cf2ac3a06c9904b8487', 1, '2003-05-31 06:53:01', '2005-08-29 02:09:47'),
(41, 5, 'Maximillia', 'Lowe', '734.106.3642x80600', 'pfeffer.maverick@example.net', '2008-09-06', 'd54cbe50e485f0e2aa75403ce13787586605962a', 1, '1978-12-30 03:54:14', '2011-06-13 01:24:59'),
(42, 42, 'Alanis', 'Mann', '09351335169', 'ncormier@example.com', '2001-05-04', '2099bb44c7bcc9293eb85958ef95be45f1468540', 1, '2011-01-22 09:01:03', '2016-03-01 05:36:15'),
(43, 3, 'Audie', 'Carroll', '266-822-2549', 'trantow.jerrell@example.org', '2011-10-02', 'd960973d85ba15633e135b8260a85d6c53c76c90', 1, '1987-07-20 12:14:38', '2004-12-04 17:57:46'),
(44, 44, 'Alex', 'Stiedemann', '(741)505-6145x66501', 'upton.henry@example.net', '2002-04-26', 'e4226fd694c4e7e40cf754e6c675a463598d27df', 1, '2001-07-06 13:04:22', '2005-09-24 04:31:30'),
(45, 455, 'Cleta', 'Greenholt', '923-663-6332x881', 'maurine45@example.net', '2013-07-02', '87bdacf0584f825673bf67a3c7376511a6b0768d', 1, '2010-10-03 02:01:35', '1995-08-18 19:19:56'),
(46, 46, 'Jazlyn', 'Stehr', '1-682-624-9533x34948', 'spencer.graciela@example.net', '1980-10-24', '557556a4a290d58213f8faede5ca5a999bcdd374', 1, '1997-08-31 15:32:31', '2002-10-06 20:07:20'),
(47, 47, 'Madge', 'Franecki', '040.881.0272', 'heller.erwin@example.org', '1971-06-07', 'd9bdcf4664c4cf18b124a84b5e1d0489a3fc758e', 1, '1999-10-16 02:45:57', '1978-09-01 05:48:42'),
(48, 48, 'Geovanny', 'Mayert', '485-871-7869', 'wolf.guido@example.com', '1984-11-10', 'fdf946d79aa1f7ae7221f51d0f7142b3eca63ecc', 1, '2000-06-23 04:10:55', '2007-08-06 03:50:55'),
(49, 3, 'Ara', 'Ritchie', '1-229-132-6072', 'nikolas42@example.net', '2019-09-22', '33ab9ce6d9355255512b36024965319c497b408e', 1, '1970-03-04 03:19:09', '2017-02-17 10:28:08'),
(50, 3, 'Stacy', 'Carroll', '(655)420-5986x52861', 'feeney.bonita@example.net', '2013-05-07', '3d62c9ddc205ccb39b6ed72208d2e8c283bf159b', 1, '2017-08-18 02:19:24', '1992-09-15 17:53:43'),
(51, 5, 'Antonio', 'Greenfelder', '715.642.7082', 'keenan.langworth@example.net', '1993-07-21', '7522c16da4f91fb7a3b9d83cb68253c103bd8e6c', 1, '1980-05-02 14:59:18', '1992-11-08 22:56:44');

--
-- Indexes for dumped tables
--

--
-- Indexes for table `appointments`
--
ALTER TABLE `appointments`
  ADD PRIMARY KEY (`id`),
  ADD KEY `appointments_patient_id_patients_id` (`patient_id`),
  ADD KEY `appointments_doctor_id_employees_id` (`doctor_id`);

--
-- Indexes for table `employees`
--
ALTER TABLE `employees`
  ADD PRIMARY KEY (`id`),
  ADD KEY `employees_user_id_users_id` (`user_id`);

--
-- Indexes for table `patients`
--
ALTER TABLE `patients`
  ADD PRIMARY KEY (`id`),
  ADD KEY `patients_user_id_users_id` (`user_id`);

--
-- Indexes for table `patient_activities`
--
ALTER TABLE `patient_activities`
  ADD PRIMARY KEY (`id`),
  ADD KEY `patient_activities_caregiver_id_employees_id` (`caregiver_id`) USING BTREE,
  ADD KEY `patient_activities_patient_id_patients_id` (`patient_id`) USING BTREE;

--
-- Indexes for table `patient_family_members`
--
ALTER TABLE `patient_family_members`
  ADD PRIMARY KEY (`id`),
  ADD KEY `patient_family_members_user_id_users_id` (`user_id`),
  ADD KEY `patient_family_members_patient_id_patients_id` (`patient_id`);

--
-- Indexes for table `prescriptions`
--
ALTER TABLE `prescriptions`
  ADD PRIMARY KEY (`id`),
  ADD KEY `prescriptions_doctor_id_employees_id` (`doctor_id`),
  ADD KEY `prescriptions_patient_id_patients_id` (`patient_id`);

--
-- Indexes for table `roles`
--
ALTER TABLE `roles`
  ADD PRIMARY KEY (`id`);

--
-- Indexes for table `rosters`
--
ALTER TABLE `rosters`
  ADD PRIMARY KEY (`id`),
  ADD KEY `rosters_supervisor_id_employees_id` (`supervisor_id`),
  ADD KEY `rosters_doctor_id_employees_id` (`doctor_id`),
  ADD KEY `rosters_caregiver_1_id_employees_id` (`caregiver_1_id`),
  ADD KEY `rosters_caregiver_2_id_employees_id` (`caregiver_2_id`),
  ADD KEY `rosters_caregiver_3_id_employees_id` (`caregiver_3_id`),
  ADD KEY `rosters_caregiver_4_id_employees_id` (`caregiver_4_id`);

--
-- Indexes for table `update_date`
--
ALTER TABLE `update_date`
  ADD PRIMARY KEY (`id`);

--
-- Indexes for table `users`
--
ALTER TABLE `users`
  ADD PRIMARY KEY (`id`),
  ADD KEY `users_role_id_roles_id` (`role_id`);

--
-- AUTO_INCREMENT for dumped tables
--

--
-- AUTO_INCREMENT for table `appointments`
--
ALTER TABLE `appointments`
  MODIFY `id` bigint(20) UNSIGNED NOT NULL AUTO_INCREMENT, AUTO_INCREMENT=625;

--
-- AUTO_INCREMENT for table `employees`
--
ALTER TABLE `employees`
  MODIFY `id` bigint(20) UNSIGNED NOT NULL AUTO_INCREMENT, AUTO_INCREMENT=54;

--
-- AUTO_INCREMENT for table `patients`
--
ALTER TABLE `patients`
  MODIFY `id` bigint(20) UNSIGNED NOT NULL AUTO_INCREMENT, AUTO_INCREMENT=54;

--
-- AUTO_INCREMENT for table `patient_activities`
--
ALTER TABLE `patient_activities`
  MODIFY `id` bigint(20) UNSIGNED NOT NULL AUTO_INCREMENT, AUTO_INCREMENT=3;

--
-- AUTO_INCREMENT for table `patient_family_members`
--
ALTER TABLE `patient_family_members`
  MODIFY `id` bigint(20) UNSIGNED NOT NULL AUTO_INCREMENT, AUTO_INCREMENT=54;

--
-- AUTO_INCREMENT for table `prescriptions`
--
ALTER TABLE `prescriptions`
  MODIFY `id` bigint(20) UNSIGNED NOT NULL AUTO_INCREMENT, AUTO_INCREMENT=201;

--
-- AUTO_INCREMENT for table `roles`
--
ALTER TABLE `roles`
  MODIFY `id` bigint(20) UNSIGNED NOT NULL AUTO_INCREMENT, AUTO_INCREMENT=814;

--
-- AUTO_INCREMENT for table `rosters`
--
ALTER TABLE `rosters`
  MODIFY `id` bigint(20) UNSIGNED NOT NULL AUTO_INCREMENT, AUTO_INCREMENT=4;

--
-- AUTO_INCREMENT for table `update_date`
--
ALTER TABLE `update_date`
  MODIFY `id` bigint(20) UNSIGNED NOT NULL AUTO_INCREMENT, AUTO_INCREMENT=13;

--
-- AUTO_INCREMENT for table `users`
--
ALTER TABLE `users`
  MODIFY `id` bigint(20) UNSIGNED NOT NULL AUTO_INCREMENT, AUTO_INCREMENT=54;

--
-- Constraints for dumped tables
--

--
-- Constraints for table `appointments`
--
ALTER TABLE `appointments`
  ADD CONSTRAINT `appointments_doctor_id_employees_id` FOREIGN KEY (`doctor_id`) REFERENCES `employees` (`id`) ON DELETE CASCADE ON UPDATE CASCADE,
  ADD CONSTRAINT `appointments_patient_id_patients_id` FOREIGN KEY (`patient_id`) REFERENCES `patients` (`id`) ON DELETE CASCADE ON UPDATE CASCADE;

--
-- Constraints for table `employees`
--
ALTER TABLE `employees`
  ADD CONSTRAINT `employees_user_id_users_id` FOREIGN KEY (`user_id`) REFERENCES `users` (`id`) ON DELETE CASCADE ON UPDATE CASCADE;

--
-- Constraints for table `patients`
--
ALTER TABLE `patients`
  ADD CONSTRAINT `patients_user_id_users_id` FOREIGN KEY (`user_id`) REFERENCES `users` (`id`) ON DELETE CASCADE ON UPDATE CASCADE;

--
-- Constraints for table `patient_activities`
--
ALTER TABLE `patient_activities`
  ADD CONSTRAINT `caregiver_activities_caregiver_id_employees_id` FOREIGN KEY (`caregiver_id`) REFERENCES `employees` (`id`) ON DELETE CASCADE ON UPDATE CASCADE,
  ADD CONSTRAINT `caregiver_activities_doctor_id_employees_id` FOREIGN KEY (`doctor_id`) REFERENCES `employees` (`id`) ON DELETE CASCADE ON UPDATE CASCADE,
  ADD CONSTRAINT `caregiver_activities_patient_id_patients_id` FOREIGN KEY (`patient_id`) REFERENCES `patients` (`id`) ON DELETE CASCADE ON UPDATE CASCADE;

--
-- Constraints for table `patient_family_members`
--
ALTER TABLE `patient_family_members`
  ADD CONSTRAINT `patient_family_members_patient_id_patients_id` FOREIGN KEY (`patient_id`) REFERENCES `patients` (`id`) ON DELETE CASCADE ON UPDATE CASCADE,
  ADD CONSTRAINT `patient_family_members_user_id_users_id` FOREIGN KEY (`user_id`) REFERENCES `users` (`id`) ON DELETE CASCADE ON UPDATE CASCADE;

--
-- Constraints for table `prescriptions`
--
ALTER TABLE `prescriptions`
  ADD CONSTRAINT `prescriptions_doctor_id_employees_id` FOREIGN KEY (`doctor_id`) REFERENCES `employees` (`id`) ON DELETE CASCADE ON UPDATE CASCADE,
  ADD CONSTRAINT `prescriptions_patient_id_patients_id` FOREIGN KEY (`patient_id`) REFERENCES `patients` (`id`) ON DELETE CASCADE ON UPDATE CASCADE;

--
-- Constraints for table `rosters`
--
ALTER TABLE `rosters`
  ADD CONSTRAINT `rosters_caregiver_1_id_employees_id` FOREIGN KEY (`caregiver_1_id`) REFERENCES `employees` (`id`) ON DELETE CASCADE ON UPDATE CASCADE,
  ADD CONSTRAINT `rosters_caregiver_2_id_employees_id` FOREIGN KEY (`caregiver_2_id`) REFERENCES `employees` (`id`) ON DELETE CASCADE ON UPDATE CASCADE,
  ADD CONSTRAINT `rosters_caregiver_3_id_employees_id` FOREIGN KEY (`caregiver_3_id`) REFERENCES `employees` (`id`) ON DELETE CASCADE ON UPDATE CASCADE,
  ADD CONSTRAINT `rosters_caregiver_4_id_employees_id` FOREIGN KEY (`caregiver_4_id`) REFERENCES `employees` (`id`) ON DELETE CASCADE ON UPDATE CASCADE,
  ADD CONSTRAINT `rosters_doctor_id_employees_id` FOREIGN KEY (`doctor_id`) REFERENCES `employees` (`id`) ON DELETE CASCADE ON UPDATE CASCADE,
  ADD CONSTRAINT `rosters_supervisor_id_employees_id` FOREIGN KEY (`supervisor_id`) REFERENCES `employees` (`id`) ON DELETE CASCADE ON UPDATE CASCADE;

--
-- Constraints for table `users`
--
ALTER TABLE `users`
  ADD CONSTRAINT `users_role_id_roles_id` FOREIGN KEY (`role_id`) REFERENCES `roles` (`id`) ON DELETE CASCADE ON UPDATE CASCADE;
COMMIT;

/*!40101 SET CHARACTER_SET_CLIENT=@OLD_CHARACTER_SET_CLIENT */;
/*!40101 SET CHARACTER_SET_RESULTS=@OLD_CHARACTER_SET_RESULTS */;
/*!40101 SET COLLATION_CONNECTION=@OLD_COLLATION_CONNECTION */;
